id;TempF;R_150;R_300;R_400;R_600;R_900;R_1500;R_2500;R_4500
1;100;285;740;990;1480;2220;3705;6170;11110
1;200;260;675;900;1350;2025;3375;5625;10120
1;300;230;655;875;1315;1970;3280;5470;9845
1;400;200;635;845;1270;1900;3170;5280;9505
1;500;170;600;800;1200;1795;2995;4990;8980
1;600;140;550;730;1095;1640;2735;4560;8210
1;650;125;535;715;1075;1610;2685;4475;8055
1;700;110;535;710;1065;1600;2665;4440;7990
1;750;95;505;670;1010;1510;2520;4200;7560
1;800;80;410;550;825;1235;2060;3430;6170
1;850;65;270;355;535;805;1340;2230;4010
1;900;50;170;230;345;515;860;1430;2570
1;950;35;105;140;205;310;515;860;1545
1;1000;20;50;70;105;155;260;430;770
2;100;290;750;1000;1500;2250;3750;6250;11250
2;200;290;750;1000;1500;2250;3750;6250;11250
2;300;290;750;1000;1500;2250;3750;6250;11250
2;400;290;750;1000;1500;2250;3750;6250;11250
2;500;290;750;1000;1500;2250;3750;6250;11250
2;600;275;715;950;1425;2140;3565;5940;10690
2;650;270;700;935;1400;2100;3495;5825;10485
2;700;265;695;925;1390;2080;3470;5780;10405
2;750;240;630;840;1260;1890;3150;5250;9450
2;800;200;515;685;1030;1545;2570;4285;7715
2;850;130;335;445;670;1005;1670;2785;5015
2;900;85;215;285;430;645;1070;1785;3215
2;950;50;130;170;260;385;645;1070;1930
2;1000;25;65;85;130;195;320;535;965
3;100;290;750;1000;1500;2250;3750;6250;11250
3;200;260;750;1000;1500;2250;3750;6250;11250
3;300;230;730;970;1455;2185;3640;6070;10925
3;400;200;705;940;1410;2115;3530;5880;10585
3;500;170;665;885;1330;1995;3325;5540;9965
3;600;140;605;805;1210;1815;3025;5040;9070
3;650;125;590;785;1175;1765;2940;4905;8825
3;700;110;570;755;1135;1705;2840;4730;8515
3;750;95;505;670;1010;1510;2520;4200;7560
3;800;80;410;550;825;1235;2060;3430;6170
3;850;65;270;355;535;805;1340;2230;4010
3;900;50;170;230;345;515;860;1430;2570
3;950;35;105;140;205;310;515;860;1545
3;1000;20;50;70;105;155;260;430;770
4;100;290;750;1000;1500;2250;3750;6250;11250
4;200;290;750;1000;1500;2250;3750;6250;11250
4;300;290;750;1000;1500;2250;3750;6250;11250
4;400;290;750;1000;1500;2250;3750;6250;11250
4;500;290;750;1000;1500;2250;3750;6250;11250
4;600;290;750;1000;1500;2250;3750;6250;11250
4;650;290;750;1000;1500;2250;3750;6250;11250
4;700;275;710;950;1425;2135;3560;5930;10670
4;750;240;630;840;1260;1890;3150;5250;9450
4;800;200;515;685;1030;1545;2570;4285;7715
4;850;130;335;445;670;1005;1670;2785;5015
4;900;85;215;285;430;645;1070;1785;3215
4;950;50;130;170;260;385;645;1070;1930
4;1000;25;65;85;130;195;320;535;965
5;100;265;695;925;1390;2085;3470;5785;10415
5;200;250;655;875;1315;1970;3280;5470;9845
5;300;230;640;850;1275;1915;3190;5315;9565
5;400;200;620;825;1235;1850;3085;5145;9260
5;500;170;585;775;1165;1745;2910;4850;8735
5;600;140;535;710;1065;1600;2665;4440;7990
5;650;125;525;695;1045;1570;2615;4355;7840
5;700;110;520;690;1035;1555;2590;4320;7775
5;750;95;475;630;945;1420;2365;3945;7100
5;800;80;390;520;780;1175;1955;3260;5865
5;850;65;270;355;535;805;1340;2230;4010
5;900;50;170;230;345;515;860;1430;2570
5;950;35;105;140;205;310;515;860;1545
5;1000;20;50;70;105;155;260;430;770
6;100;265;695;925;1390;2085;3470;5785;10415
6;200;265;695;925;1390;2085;3470;5785;10415
6;300;265;695;925;1390;2085;3470;5785;10415
6;400;265;695;925;1390;2085;3470;5785;10415
6;500;265;695;925;1390;2085;3470;5785;10415
6;600;265;695;925;1390;2080;3470;5780;10405
6;650;260;680;910;1360;2040;3400;5670;10205
6;700;255;665;885;1330;1995;3320;5535;9965
6;750;225;590;790;1185;1775;2960;4930;8870
6;800;190;490;650;980;1465;2445;4070;7330
6;850;130;335;445;670;1005;1670;2785;5015
6;900;85;215;285;430;645;1070;1785;3215
6;950;50;130;170;260;385;645;1070;1930
6;1000;25;65;85;130;195;320;535;965
7;100;235;620;825;1235;1850;3085;5145;9260
7;200;215;560;750;1125;1685;2810;4680;8425
7;300;210;550;730;1095;1640;2735;4560;8210
7;400;200;530;705;1060;1585;2645;4405;7930
7;500;170;500;665;995;1495;2490;4150;7470
7;600;140;455;610;915;1370;2285;3805;6850
7;650;125;450;600;895;1345;2245;3740;6725
7;700;110;450;600;895;1345;2245;3740;6725
7;750;95;445;590;885;1325;2210;3685;6635
7;800;80;370;495;740;1110;1850;3085;5555
7;850;65;270;355;535;805;1340;2230;4010
7;900;50;170;230;345;515;860;1430;2570
7;950;35;105;140;205;310;515;860;1545
7;1000;20;50;70;105;155;260;430;770
8;100;245;645;860;1285;1930;3215;5360;9645
8;200;245;645;860;1285;1930;3215;5360;9645
8;300;245;645;860;1285;1930;3215;5360;9645
8;400;245;645;860;1285;1930;3215;5360;9645
8;500;245;645;860;1285;1930;3215;5360;9645
8;600;230;595;795;1190;1785;2975;4955;8920
8;650;225;585;780;1170;1750;2920;4865;8760
8;700;220;580;770;1160;1735;2895;4820;8680
8;750;210;555;740;1105;1660;2765;4610;8295
8;800;180;465;620;925;1390;2315;3860;6945
8;850;130;335;445;670;1005;1670;2785;5015
8;900;85;215;285;430;645;1070;1785;3215
8;950;50;130;170;260;385;645;1070;1930
8;1000;25;65;85;130;195;320;535;965
9;100;265;695;925;1390;2085;3470;5785;10415
9;200;260;680;905;1360;2035;3395;5660;10185
9;300;230;655;870;1305;1955;3260;5435;9780
9;400;200;640;855;1280;1920;3200;5330;9595
9;500;170;620;830;1245;1865;3105;5180;9320
9;600;140;605;805;1210;1815;3025;5040;9070
9;650;125;590;785;1175;1765;2940;4905;8825
9;700;110;570;755;1135;1705;2840;4730;8515
9;750;95;530;710;1065;1595;2660;4430;7970
9;800;80;510;675;1015;1525;2540;4230;7610
9;850;65;485;650;975;1460;2435;4060;7305
9;900;50;450;600;900;1350;2245;3745;6740
9;950;35;280;375;560;845;1405;2345;4215
9;1000;20;165;220;330;495;825;1370;2470
10;100;265;695;925;1390;2085;3470;5785;10415
10;200;265;695;925;1390;2085;3470;5785;10415
10;300;265;695;925;1390;2085;3470;5785;10415
10;400;265;695;925;1390;2085;3470;5785;10415
10;500;265;695;925;1390;2085;3470;5785;10415
10;600;265;695;925;1390;2085;3470;5785;10415
10;650;265;695;925;1390;2085;3470;5785;10415
10;700;265;695;925;1390;2085;3470;5785;10415
10;750;265;695;925;1390;2085;3470;5785;10415
10;800;265;695;925;1390;2085;3470;5785;10415
10;850;260;680;905;1355;2030;3335;5645;10160
10;900;225;590;785;1175;1760;2935;4895;8810
10;950;135;350;470;705;1055;1755;2930;5270
10;1000;80;205;275;410;615;1030;1715;3085
11;100;225;590;790;1185;1775;2955;4930;8870
11;200;225;590;790;1185;1775;2955;4930;8870
11;300;225;590;790;1185;1775;2955;4930;8870
11;400;200;570;765;1145;1715;2860;4765;8580
11;500;170;550;735;1105;1655;2755;4595;8270
11;600;140;535;710;1065;1600;2665;4440;7990
11;650;125;525;695;1045;1570;2615;4355;7840
11;700;110;510;685;1025;1535;2560;4270;7685
11;750;95;475;630;945;1420;2365;3945;7095
11;800;80;475;630;945;1420;2365;3945;7095
11;850;65;460;615;920;1380;2295;3830;6890
11;900;50;440;590;885;1325;2210;3685;6635
11;950;35;315;420;630;945;1575;2630;4730
11;1000;20;200;270;405;605;1010;1685;3035
11;1050;20;155;205;310;465;770;1285;2315
11;1100;20;95;130;190;290;480;800;1440
11;1150;20;60;80;125;185;310;515;925
11;1200;15;40;50;75;115;190;315;565
12;100;225;590;790;1185;1775;2955;4930;8870
12;200;225;590;790;1185;1775;2955;4930;8870
12;300;225;590;790;1185;1775;2955;4930;8870
12;400;225;590;790;1185;1775;2955;4930;8870
12;500;225;590;790;1185;1775;2955;4930;8870
12;600;225;590;790;1185;1775;2955;4930;8870
12;650;225;590;790;1185;1775;2955;4930;8870
12;700;225;590;790;1185;1775;2955;4930;8870
12;750;225;590;790;1185;1775;2955;4930;8870
12;800;225;590;790;1185;1775;2955;4930;8870
12;850;220;575;765;1150;1725;2870;4785;8615
12;900;210;555;735;1105;1660;2765;4605;8295
12;950;150;395;525;790;1185;1970;3285;5915
12;1000;95;255;335;505;760;1265;2105;3795
12;1050;75;195;255;385;580;965;1605;2895
12;1100;45;120;160;240;360;600;1000;1800
12;1150;30;75;105;155;230;385;645;1155
12;1200;20;45;65;95;140;235;395;705
13;100;290;750;1000;1500;2250;3750;6250;11250
13;200;260;750;1000;1500;2250;3750;6250;11250
13;300;230;720;965;1445;2165;3610;6015;10830
13;400;200;695;925;1385;2080;3465;5775;10400
13;500;170;665;885;1330;1995;3325;5540;9965
13;600;140;605;805;1210;1815;3025;5040;9070
13;650;125;590;785;1175;1765;2940;4905;8825
13;700;110;570;755;1135;1705;2840;4730;8515
13;750;95;530;710;1065;1595;2660;4430;7970
13;800;80;510;675;1015;1525;2540;4230;7610
13;850;65;485;650;975;1460;2435;4060;7305
13;900;50;450;600;900;1350;2245;3745;6740
13;950;35;315;420;630;945;1575;2630;4730
13;1000;20;200;270;405;605;1010;1685;3035
13;1050;0;160;210;315;475;790;1315;2365
14;100;290;750;1000;1500;2250;3750;6250;11250
14;200;290;750;1000;1500;2250;3750;6250;11250
14;300;290;750;1000;1500;2250;3750;6250;11250
14;400;290;750;1000;1500;2250;3750;6250;11250
14;500;290;750;1000;1500;2250;3750;6250;11250
14;600;290;750;1000;1500;2250;3750;6250;11250
14;650;290;750;1000;1500;2250;3750;6250;11250
14;700;280;735;980;1465;2200;3665;6110;10995
14;750;280;730;970;1460;2185;3645;6070;10930
14;800;275;720;960;1440;2160;3600;6000;10800
14;850;260;680;905;1355;2030;3385;5645;10160
14;900;230;600;800;1200;1800;3000;5000;9000
14;950;150;395;525;790;1185;1970;3285;5915
14;1000;95;255;335;505;760;1265;2105;3795
14;1050;75;195;265;395;590;985;1645;2955
15;100;235;620;825;1235;1860;3085;5145;9260
15;200;220;570;765;1145;1715;2860;4765;8580
15;300;215;555;745;1115;1670;2785;4645;8360
15;400;200;555;740;1105;1660;2765;4610;8300
15;500;170;555;740;1105;1660;2765;4610;8300
15;600;140;555;740;1105;1660;2765;4610;8300
15;650;125;555;740;1105;1660;2765;4610;8300
15;700;110;545;725;1085;1630;2715;4525;8145
15;750;95;515;685;1030;1545;2570;4285;7715
15;800;80;510;675;1015;1525;2540;4230;7610
15;850;65;485;650;975;1460;2435;4060;7305
15;900;50;450;600;900;1350;2245;3745;6740
15;950;35;320;425;640;955;1595;2655;4785
15;1000;20;215;290;430;650;1080;1800;3240
15;1050;20;145;190;290;430;720;1200;2160
15;1100;20;95;130;190;290;480;800;1440
15;1150;20;60;80;125;185;310;515;925
15;1200;15;40;50;75;115;190;315;565
16;100;245;645;860;1285;1930;3215;5360;9645
16;200;245;645;860;1285;1930;3215;5360;9645
16;300;245;645;860;1285;1930;3215;5360;9645
16;400;245;645;860;1285;1930;3215;5360;9645
16;500;245;645;860;1285;1930;3215;5360;9645
16;600;245;645;860;1285;1930;3215;5360;9645
16;650;245;645;860;1285;1930;3215;5360;9645
16;700;245;645;860;1285;1930;3215;5360;9645
16;750;245;645;860;1285;1930;3215;5360;9645
16;800;245;645;860;1285;1930;3215;5360;9645
16;850;235;615;825;1235;1850;3085;5145;9255
16;900;225;585;775;1165;1750;2915;4855;8745
16;950;155;400;530;795;1195;1995;3320;5980
16;1000;105;270;360;540;810;1350;2250;4050
16;1050;70;180;240;360;540;900;1500;2700
16;1100;45;120;160;240;360;600;1000;1800
16;1150;30;75;105;155;230;385;645;1155
16;1200;20;45;65;95;140;235;395;705
17;100;290;750;1000;1500;2250;3750;6250;11250
17;200;260;750;1000;1500;2250;3750;6250;11250
17;300;230;720;965;1445;2165;3610;6015;10830
17;400;200;695;925;1385;2080;3465;5775;10400
17;500;170;665;885;1330;1995;3325;5540;9965
17;600;140;605;805;1210;1815;3025;5040;9070
17;650;125;590;785;1175;1765;2940;4905;8825
17;700;110;570;755;1135;1705;2840;4730;8515
17;750;95;530;710;1065;1595;2660;4430;7970
17;800;80;510;675;1015;1525;2540;4230;7610
17;850;65;485;650;975;1460;2435;4060;7305
17;900;50;450;600;900;1350;2245;3745;6740
17;950;35;320;425;640;955;1595;2655;4785
17;1000;20;215;290;430;650;1080;1800;3240
17;1050;0;145;190;290;430;720;1200;2160
17;1100;0;95;130;190;290;480;800;1440
17;1150;0;60;80;125;185;310;515;925
17;1200;0;40;50;75;115;190;315;565
18;100;290;750;1000;1500;2250;3750;6250;11250
18;200;290;750;1000;1500;2250;3750;6250;11250
18;300;290;750;1000;1500;2250;3750;6250;11250
18;400;290;750;1000;1500;2250;3750;6250;11250
18;500;290;750;1000;1500;2250;3750;6250;11250
18;600;290;750;1000;1500;2250;3750;6250;11250
18;650;290;750;1000;1500;2250;3750;6250;11250
18;700;280;735;980;1465;2200;3665;6110;10995
18;750;280;730;970;1460;2185;3645;6070;10930
18;800;275;720;960;1440;2160;3600;6000;10800
18;850;260;680;905;1335;2030;3385;5645;10160
18;900;225;585;785;1175;1760;2935;4895;8805
18;950;155;400;530;795;1195;1995;3320;5980
18;1000;105;270;360;540;810;1350;2250;4050
18;1050;70;180;240;360;540;900;1500;2700
18;1100;45;120;160;240;360;600;1000;1800
18;1150;30;75;105;155;230;385;645;1155
18;1200;20;45;65;95;140;235;395;705
19;100;290;750;1000;1500;2250;3750;6250;11250
19;200;260;750;1000;1500;2250;3750;6250;11250
19;300;230;730;970;1455;2185;3640;6070;10925
19;400;200;705;940;1410;2115;3530;5880;10585
19;500;170;665;885;1330;1995;3325;5540;9965
19;600;140;605;805;1210;1815;3025;5040;9070
19;650;125;590;785;1175;1765;2940;4905;8825
19;700;110;570;755;1135;1705;2840;4730;8515
19;750;95;530;710;1065;1595;2660;4430;7970
19;800;80;510;675;1015;1525;2540;4230;7610
19;850;65;485;650;975;1460;2435;4060;7305
19;900;50;450;600;900;1350;2245;3745;6740
19;950;35;375;505;755;1130;1885;3145;5665
19;1000;20;260;345;520;780;1305;2170;3910
19;1050;0;175;235;350;525;875;1455;2625
19;1100;0;110;145;220;330;550;915;1645
19;1150;0;70;90;135;205;345;570;1030
19;1200;0;40;55;80;125;205;345;615
20;100;290;750;1000;1500;2250;3750;6250;11250
20;200;290;750;1000;1500;2250;3750;6250;11250
20;300;285;740;990;1485;2225;3705;6180;11120
20;400;280;725;965;1450;2175;3620;6035;10865
20;500;275;720;960;1440;2160;3600;6000;10800
20;600;275;720;960;1440;2160;3600;6000;10800
20;650;275;715;955;1430;2145;3580;5965;10735
20;700;275;710;955;1425;2135;3555;5930;10670
20;750;265;690;920;1380;2070;3450;5750;10350
20;800;260;675;895;1345;2020;3365;5605;10095
20;850;245;645;855;1285;1930;3215;5355;9645
20;900;230;600;800;1200;1800;3000;5000;9000
20;950;180;470;630;945;1415;2355;3930;7070
20;1000;125;325;435;650;975;1630;2715;4885
20;1050;85;220;290;435;655;1095;1820;3280
20;1100;55;135;185;275;410;685;1145;2055
20;1150;35;85;115;170;255;430;715;1285
20;1200;25;50;70;105;155;255;430;770
21;100;290;750;1000;1500;2250;3750;6250;11250
21;200;260;750;1000;1500;2250;3750;6250;11250
21;300;230;730;970;1455;2185;3640;6070;10925
21;400;200;705;940;1410;2115;3530;5880;10585
21;500;170;665;885;1330;1995;3325;5540;9965
21;600;140;605;805;1210;1815;3025;5040;9070
21;650;125;590;785;1175;1765;2940;4905;8825
21;700;110;570;755;1135;1705;2840;4730;8515
21;750;95;530;710;1065;1595;2660;4430;7970
21;800;80;510;675;1015;1525;2540;4230;7610
21;850;65;485;650;975;1460;2435;4060;7305
21;900;50;450;600;900;1345;2245;3745;6735
21;950;35;280;375;560;845;1405;2345;4215
21;1000;20;165;220;330;495;825;1370;2470
21;1050;20;165;220;330;495;825;1370;2470
21;1100;20;110;145;220;330;550;915;1645
21;1150;20;80;110;165;245;410;685;1235
21;1200;20;45;60;90;135;225;370;670
22;100;290;750;1000;1500;2250;3750;6250;11250
22;200;290;750;1000;1500;2250;3750;6250;11250
22;300;290;750;1000;1500;2250;3750;6250;11250
22;400;285;745;995;1490;2235;3730;6215;11185
22;500;285;745;995;1490;2235;3730;6215;11185
22;600;285;745;995;1490;2235;3730;6215;11185
22;650;285;735;985;1475;2210;3685;6145;11055
22;700;280;730;970;1455;2185;3645;6070;10930
22;750;280;730;970;1455;2185;3645;6070;10930
22;800;275;720;960;1440;2160;3600;6000;10800
22;850;260;680;905;1355;2030;3385;5645;10160
22;900;215;560;750;1125;1685;2805;4680;8420
22;950;135;350;470;705;1055;1755;2930;5270
22;1000;80;205;275;410;615;1030;1715;3085
22;1050;80;205;275;410;615;1030;1715;3085
22;1100;55;135;185;275;410;685;1145;2055
22;1150;40;105;135;205;310;515;855;1545
22;1200;20;55;75;110;165;280;465;835
23;100;235;615;825;1235;1850;3085;5145;9255
23;200;215;555;745;1115;1670;2785;4645;8360
23;300;205;535;715;1075;1610;2685;4475;8055
23;400;200;530;710;1060;1590;2655;4425;7960
23;500;170;525;700;1055;1580;2635;4390;7900
23;600;140;520;690;1035;1555;2590;4320;7775
23;650;125;510;685;1025;1535;2560;4270;7685
23;700;110;505;670;1010;1510;2520;4200;7560
23;750;95;455;605;905;1360;2265;3770;6790
23;800;80;440;585;880;1315;2195;3655;6585
23;850;65;415;555;830;1245;2075;3455;6225
23;900;50;375;500;745;1120;1870;3115;5605
23;950;35;275;365;550;825;1370;2285;4115
23;1000;20;200;265;400;595;995;1655;2985
23;1050;20;145;190;290;430;720;1200;2160
23;1100;20;100;135;200;300;495;830;1490
23;1150;20;60;80;125;185;310;515;925
23;1200;15;35;45;70;105;170;285;515
24;100;245;645;855;1285;1930;3215;5355;9645
24;200;245;645;855;1285;1930;3215;5355;9645
24;300;240;620;830;1245;1865;3105;5180;9320
24;400;235;615;825;1235;1850;3085;5145;9255
24;500;235;615;825;1235;1850;3085;5145;9255
24;600;235;610;810;1215;1825;3045;5070;9130
24;650;230;595;795;1190;1785;2980;4965;8935
24;700;225;585;785;1175;1760;2935;4895;8805
24;750;215;565;755;1130;1695;2830;4715;8485
24;800;210;550;730;1095;1645;2745;4570;8230
24;850;200;520;690;1035;1555;2595;4320;7780
24;900;180;465;625;935;1400;2335;3895;7005
24;950;130;345;455;685;1030;1715;2855;5145
24;1000;95;250;330;495;745;1245;2070;2730
24;1050;70;180;240;360;540;900;1500;2700
24;1100;50;125;165;250;375;620;1035;1865
24;1150;30;75;105;155;230;385;645;1155
24;1200;15;45;55;85;130;215;355;645
25;100;290;750;1000;1500;2250;3750;6250;11250
25;200;260;745;995;1490;2235;3725;6205;11170
25;300;230;715;955;1430;2150;3580;5965;10740
25;400;200;705;940;1410;2115;3530;5880;10585
25;500;170;665;885;1330;1995;3325;5540;9965
25;600;140;605;805;1210;1815;3025;5040;9070
25;650;125;590;785;1175;1765;2940;4905;8825
25;700;110;570;755;1135;1705;2840;4730;8515
25;750;95;530;705;1055;1585;2640;4400;7920
25;800;80;510;675;1015;1525;2540;4230;7610
25;850;65;485;645;965;1450;2415;4030;7250
25;900;50;370;495;740;1110;1850;3085;5555
25;950;35;275;365;550;825;1370;2285;4115
25;1000;20;200;265;400;595;995;1655;2985
25;1050;0;145;190;290;430;720;1200;2160
25;1100;0;100;135;200;300;495;830;1490
25;1150;0;60;80;125;185;310;515;925
25;1200;0;35;45;70;105;170;285;515
26;100;290;750;1000;1500;2250;3750;6250;11250
26;200;290;750;1000;1500;2250;3750;6250;11250
26;300;280;730;970;1455;2185;3645;6070;10930
26;400;275;720;960;1440;2160;3600;6000;10800
26;500;275;720;960;1440;2160;3600;6000;10800
26;600;270;705;945;1415;2120;3535;5895;10605
26;650;270;700;930;1395;2095;3495;5820;10480
26;700;265;685;915;1370;2055;3430;5715;10285
26;750;255;660;880;1320;1980;3300;5500;9900
26;800;245;640;850;1275;1915;3195;5320;9580
26;850;230;605;805;1210;1815;3020;5035;9065
26;900;175;465;615;925;1390;2315;3855;6945
26;950;130;345;455;685;1030;1715;2855;5145
26;1000;95;250;330;495;745;1245;2070;3730
26;1050;70;180;240;360;540;900;1500;2700
26;1100;50;125;165;250;375;620;1035;1865
26;1150;30;75;105;155;230;385;645;1155
26;1200;15;45;55;85;130;215;355;645
27;100;290;750;1000;1500;2250;3750;6250;11250
27;200;260;750;1000;1500;2250;3750;6250;11250
27;300;230;730;970;1455;2185;3640;6070;10925
27;400;200;705;940;1410;2115;3530;5880;10585
27;500;170;665;885;1330;1995;3325;5540;9965
27;600;140;605;805;1210;1815;3025;5040;9070
27;650;125;590;785;1175;1765;2940;4905;8825
27;700;110;570;755;1135;1705;2840;4730;8515
27;750;95;530;710;1065;1595;2660;4430;7970
27;800;80;510;675;1015;1525;2540;4230;7610
27;850;65;485;650;975;1460;2435;4060;7305
27;900;50;450;600;900;1350;2245;3745;6740
27;950;35;375;505;755;1130;1885;3145;5655
27;1000;20;255;340;505;760;1270;2115;3805
27;1050;0;170;230;345;515;855;1430;2570
27;1100;0;115;150;225;340;565;945;1695
27;1150;0;75;100;150;225;375;630;1130
27;1200;0;50;70;105;155;255;430;770
28;100;290;750;1000;1500;2250;3750;6250;11250
28;200;290;750;1000;1500;2250;3750;6250;11250
28;300;290;750;1000;1500;2250;3750;6250;11250
28;400;290;750;1000;1500;2250;3750;6250;11250
28;500;290;750;1000;1500;2250;3750;6250;11250
28;600;290;750;1000;1500;2250;3750;6250;11250
28;650;290;750;1000;1500;2250;3750;6250;11250
28;700;280;735;980;1465;2200;3665;6110;10995
28;750;280;730;970;1460;2185;3645;6070;10930
28;800;275;720;960;1440;2160;3600;6000;10800
28;850;260;680;905;1355;2030;3385;5645;10160
28;900;230;600;800;1200;1800;3000;5000;9000
28;950;180;470;630;945;1415;2355;3930;7070
28;1000;120;315;425;635;950;1585;2645;4755
28;1050;80;215;285;430;645;1070;1785;3215
28;1100;55;140;190;285;425;710;1180;2120
28;1150;35;95;125;190;285;470;785;1415
28;1200;25;65;85;130;195;320;535;965
29;100;275;720;960;1440;2160;3600;6000;10800
29;200;230;600;800;1200;1800;3000;5000;9000
29;300;205;540;720;1080;1620;2700;4500;8100
29;400;190;495;660;995;1490;2485;4140;7450
29;500;170;465;620;930;1395;2330;3880;6985
29;600;140;435;580;875;1310;2185;3640;6550
29;650;125;430;575;860;1290;2150;3580;6445
29;700;110;425;565;850;1275;2125;3540;6370
29;750;95;415;555;830;1245;2075;3460;6230
29;800;80;405;540;805;1210;2015;3360;6050
29;850;65;395;530;790;1190;1980;3300;5940
29;900;50;390;520;780;1165;1945;3240;5830
29;950;35;380;510;765;1145;1910;3180;5725
29;1000;20;320;430;640;965;1605;2675;4815
29;1050;0;310;410;615;925;1545;2570;4630
29;1100;0;255;345;515;770;1285;2145;3855
29;1150;0;200;265;400;595;995;1655;2985
29;1200;0;155;205;310;465;770;1285;2315
29;1250;0;115;150;225;340;565;945;1695
29;1300;0;85;115;170;255;430;715;1285
29;1350;0;60;80;125;185;310;515;925
29;1400;0;50;65;90;145;240;400;720
29;1450;0;35;45;70;105;170;285;515
29;1500;0;25;35;55;80;135;230;410
30;100;290;750;1000;1500;2250;3750;6250;11250
30;200;255;670;890;1335;2005;3345;5570;10030
30;300;230;600;800;1200;1800;3000;5000;9000
30;400;210;555;735;1105;1660;2765;4605;8295
30;500;200;520;690;1035;1555;2595;4320;7780
30;600;185;490;650;975;1465;2440;4065;7315
30;650;185;480;640;960;1440;2395;3995;7190
30;700;180;470;630;945;1415;2355;3930;7070
30;750;175;465;615;925;1390;2315;3855;6945
30;800;175;450;600;900;1350;2250;3750;6750
30;850;170;440;590;885;1325;2205;3680;6620
30;900;165;435;575;865;1300;2165;3605;6495
30;950;165;425;565;850;1275;2120;3535;6365
30;1000;155;405;545;815;1220;2035;3395;6105
30;1050;150;385;515;770;1155;1930;3215;5785
30;1100;125;320;430;645;965;1605;2680;4820
30;1150;95;250;330;495;745;1245;2070;3730
30;1200;75;195;255;385;580;965;1605;2895
30;1250;55;140;190;285;425;705;1180;2120
30;1300;40;105;145;215;320;535;895;1605
30;1350;30;75;105;155;230;385;645;1155
30;1400;25;60;80;120;180;300;500;900
30;1450;15;45;55;85;130;215;355;645
30;1500;15;35;45;70;105;170;285;515
31;100;275;720;960;1440;2160;3600;6000;10800
31;200;235;620;825;1240;1860;3095;5160;9290
31;300;215;560;745;1120;1680;2795;4660;8390
31;400;195;515;685;1025;1540;2570;4280;7705
31;500;170;480;635;955;1435;2390;3980;7165
31;600;140;450;600;900;1355;2255;3760;6770
31;650;125;445;590;890;1330;2220;3700;6660
31;700;110;430;580;870;1305;2170;3620;6515
31;750;95;425;570;855;1280;2135;3560;6410
31;800;80;420;565;845;1265;2110;3520;6335
31;850;65;420;555;835;1255;2090;3480;6265
31;900;50;415;555;830;1245;2075;3460;6230
31;950;35;385;515;775;1160;1930;3220;5795
31;1000;20;350;465;700;1050;1750;2915;5245
31;1050;0;345;460;685;1030;1720;2865;5155
31;1100;0;305;405;610;915;1525;2545;4575
31;1150;0;235;315;475;710;1185;1970;3550
31;1200;0;185;245;370;555;925;1545;2775
31;1250;0;145;195;295;440;735;1230;2210
31;1300;0;115;155;235;350;585;970;1750
31;1350;0;95;130;190;290;480;800;1440
31;1400;0;75;100;150;225;380;630;1130
31;1450;0;60;80;115;175;290;485;875
31;1500;0;40;55;85;125;205;345;620
32;100;290;750;1000;1500;2250;3750;6250;11250
32;200;265;690;920;1380;2070;3450;5750;10350
32;300;240;625;830;1250;1870;3120;5200;9360
32;400;220;570;760;1140;1710;2850;4750;8550
32;500;205;530;710;1065;1595;2655;4430;7970
32;600;195;505;670;1005;1510;2520;4195;7555
32;650;190;495;655;985;1480;2465;4105;7395
32;700;185;485;645;970;1455;2420;4035;7265
32;750;180;475;635;950;1425;2380;3965;7135
32;800;180;470;630;945;1415;2355;3930;7070
32;850;180;465;620;930;1400;2330;3885;6990
32;900;175;465;615;925;1390;2315;3855;6945
32;950;175;460;610;915;1375;2290;3815;6870
32;1000;160;420;560;840;1260;2105;3505;6310
32;1050;160;420;560;840;1260;2105;3505;6310
32;1100;145;380;510;765;1145;1905;3180;5720
32;1150;115;295;395;590;885;1480;2465;4435
32;1200;90;230;310;465;695;1155;1930;3470
32;1250;70;185;245;370;555;920;1535;2765
32;1300;55;145;195;290;435;730;1215;2185
32;1350;45;120;160;240;360;600;1000;1800
32;1400;35;95;125;190;285;470;785;1415
32;1450;30;75;100;145;220;365;610;1095
32;1500;20;50;70;105;155;260;430;770
33;100;230;600;800;1200;1800;3000;5000;9000
33;200;195;505;675;1015;1520;2530;4220;7595
33;300;175;455;605;910;1360;2270;3780;6805
33;400;160;415;550;825;1240;2065;3440;6190
33;500;145;380;510;765;1145;1910;3180;5725
33;600;140;360;480;720;1080;1800;3000;5400
33;650;125;350;470;700;1050;1750;2920;5255
33;700;110;345;460;685;1030;1715;2860;5150
33;750;95;335;450;670;1010;1680;2800;5040
33;800;80;330;440;660;985;1645;2740;4930
33;850;65;320;430;645;965;1610;2680;4825
34;100;255;670;890;1340;2005;3345;5570;10030
34;200;215;565;755;1130;1695;2825;4710;8480
34;300;195;505;675;1010;1520;2530;4215;7585
34;400;175;460;615;920;1385;2305;3840;6910
34;500;165;425;570;850;1280;2130;3550;6390
34;600;155;400;535;805;1205;2010;3350;6025
34;650;150;390;520;780;1170;1950;3250;5850
34;700;145;380;510;765;1145;1910;3180;5720
34;750;145;375;500;745;1120;1865;3110;5595
34;800;140;365;490;735;1100;1835;3060;5505
34;850;140;360;480;720;1075;1795;2990;5385
35;100;275;720;960;1440;2160;3600;6000;10800
35;200;245;645;860;1290;1935;3230;5380;9685
35;300;230;595;795;1190;1785;2975;4960;8930
35;400;200;550;735;1105;1655;2760;4460;8280
35;500;170;515;685;1030;1545;2570;4285;7715
35;600;140;485;650;975;1460;2435;4060;7310
35;650;125;480;635;955;1435;2390;3980;7165
35;700;110;465;620;930;1395;2330;3880;6985
35;750;95;460;610;915;1375;2290;3820;6875
35;800;80;450;600;900;1355;2255;3760;6770
35;850;65;445;570;895;1340;2230;3720;6695
35;900;50;440;590;885;1325;2210;3680;6625
35;950;35;385;515;775;1160;1930;3220;5795
35;1000;20;355;475;715;1070;1785;2970;5350
35;1050;0;315;415;625;940;1565;2605;4690
35;1100;0;270;360;545;815;1360;2265;4075
35;1150;0;235;315;475;710;1185;1970;3550
35;1200;0;185;245;370;555;925;1545;2775
35;1250;0;140;185;280;420;705;1170;2110
35;1300;0;110;145;220;330;550;915;1645
35;1350;0;85;115;170;255;430;715;1285
35;1400;0;65;85;130;195;325;545;975
35;1450;0;50;70;105;155;255;430;770
35;1500;0;40;50;75;115;190;315;565
36;100;290;750;1000;1500;2250;3750;6250;11250
36;200;260;680;910;1365;2045;3405;5680;10220
36;300;235;610;810;1215;1815;3045;5070;9130
36;400;210;555;735;1105;1660;2765;4605;8295
36;500;195;515;685;1030;1545;2570;4285;7715
36;600;185;490;650;975;1465;2445;4070;7330
36;650;185;480;640;960;1440;2400;4000;7200
36;700;180;470;630;945;1415;2355;3930;7070
36;750;180;465;625;935;1400;2335;3895;7005
36;800;175;465;615;925;1390;2315;3855;6945
36;850;175;460;610;910;1375;2295;3820;6880
36;900;175;455;605;910;1365;2270;3785;6815
36;950;175;455;605;910;1365;2270;3785;6815
36;1000;160;420;560;840;1260;2105;3505;6310
36;1050;155;405;545;815;1220;2035;3395;6105
36;1100;135;355;470;705;1060;1770;2945;5305
36;1150;115;295;395;590;885;1480;2465;4435
36;1200;90;230;310;465;695;1155;1930;3470
36;1250;65;175;235;350;525;880;1465;2635
36;1300;55;135;185;275;410;685;1145;2055
36;1350;40;105;145;215;320;535;895;1605
36;1400;30;80;110;165;245;405;680;1220
36;1450;25;65;85;130;195;320;535;965
36;1500;20;45;65;95;140;235;395;705
37;100;275;720;960;1440;2160;3600;6000;10800
37;200;255;660;880;1320;1980;3300;5500;9900
37;300;230;615;820;1230;1845;3070;5120;9215
37;400;200;575;765;1145;1720;2870;4780;8605
37;500;170;540;720;1080;1620;2700;4500;8100
37;600;140;515;685;1025;1540;2570;4280;7705
37;650;125;505;670;1010;1510;2520;4200;7560
37;700;110;495;660;990;1485;2470;4120;7415
37;750;95;490;655;985;1475;2460;4100;7380
37;800;80;485;650;975;1460;2435;4060;7310
37;850;65;485;645;970;1455;2425;4040;7270
37;900;50;450;600;900;1350;2245;3745;6740
37;950;35;385;515;775;1160;1930;3220;5795
37;1000;20;365;485;725;1090;1820;3030;5450
37;1050;0;360;480;720;1080;1800;3000;5400
37;1100;0;325;430;645;965;1610;2685;4835
37;1150;0;275;365;550;825;1370;2285;4115
37;1200;0;170;230;345;515;855;1430;2570
37;1250;0;125;165;245;370;615;1030;1850
37;1300;0;95;125;185;280;465;770;1390
37;1350;0;70;90;135;205;345;570;1030
37;1400;0;55;75;110;165;275;455;825
37;1450;0;40;55;80;125;205;345;615
37;1500;0;35;45;70;105;170;285;515
38;100;290;750;1000;1500;2250;3750;6250;11250
38;200;275;715;955;1430;2145;3580;5965;10735
38;300;250;655;875;1310;1965;3280;5465;9835
38;400;235;615;825;1235;1850;3085;5145;9255
38;500;230;595;795;1190;1785;2980;4965;8935
38;600;220;575;765;1145;1720;2865;4775;8600
38;650;215;565;750;1125;1690;2815;4690;8440
38;700;210;550;735;1105;1655;2760;4600;8275
38;750;210;550;730;1095;1645;2745;4570;8230
38;800;210;545;725;1090;1630;2720;4530;8155
38;850;205;540;720;1080;1625;2705;4510;8115
38;900;205;540;720;1075;1615;2690;4485;8075
38;950;180;470;630;945;1415;2360;3930;7070
38;1000;160;420;560;840;1260;2105;3505;6310
38;1050;160;420;560;840;1260;2105;3505;6310
38;1100;155;405;540;805;1210;2015;3360;6045
38;1150;130;345;455;685;1030;1715;2855;5145
38;1200;80;215;285;430;645;1070;1785;3215
38;1250;60;155;205;310;465;770;1285;2315
38;1300;45;115;155;230;345;580;965;1735
38;1350;35;85;115;170;255;430;715;1285
38;1400;25;70;90;135;205;345;570;1030
38;1450;20;50;70;105;155;255;430;770
38;1500;15;45;55;85;130;215;355;645
39;100;260;670;895;1345;2015;3360;5600;10080
39;200;230;605;805;1210;1815;3025;5040;9070
39;300;220;570;760;1140;1705;2845;4740;8530
39;400;200;535;710;1065;1600;2665;4440;7990
39;500;170;505;670;1010;1510;2520;4200;7560
39;600;140;480;635;955;1435;2390;3980;7165
39;650;125;465;620;930;1395;2330;3880;6985
39;700;110;455;610;910;1370;2280;3800;6840
39;750;95;445;595;895;1340;2230;3720;6695
39;800;80;435;580;870;1305;2170;3620;6515
39;850;65;425;565;850;1275;2125;3540;6370
39;900;50;415;555;830;1245;2075;3460;6230
39;950;35;385;515;775;1160;1930;3220;5795
39;1000;20;335;450;670;1010;1680;2800;5040
39;1050;0;290;390;585;875;1460;2430;4370
39;1100;0;225;300;445;670;1115;1860;3345
39;1150;0;170;230;345;515;860;1430;2570
39;1200;0;130;175;260;390;650;1085;1955
39;1250;0;100;135;200;300;495;830;1490
39;1300;0;80;105;160;235;395;660;1185
39;1350;0;60;80;115;175;290;485;875
39;1400;0;45;60;90;135;225;370;670
39;1450;0;30;40;60;95;155;260;465
39;1500;0;25;30;50;70;120;200;360
40;100;265;695;925;1390;2085;3470;5785;10415
40;200;245;640;850;1280;1915;3195;5320;9580
40;300;235;610;810;1220;1825;3045;5070;9130
40;400;225;590;785;1175;1760;2935;4895;8810
40;500;215;560;750;1125;1685;2810;4680;8420
40;600;205;535;710;1065;1600;2665;4445;7995
40;650;200;520;695;1040;1560;2600;4330;7795
40;700;195;505;675;1010;1520;2530;4215;7585
40;750;190;500;665;995;1495;2490;4150;7475
40;800;185;485;645;970;1455;2420;4035;7265
40;850;180;475;635;950;1425;2370;3950;7110
40;900;180;465;620;925;1390;2315;3860;6945
40;950;175;450;600;900;1350;2250;3750;6750
40;1000;160;420;560;840;1260;2100;3500;6300
40;1050;140;365;485;730;1095;1820;3035;5465
40;1100;105;280;370;560;835;1395;2320;4180
40;1150;85;215;285;430;645;1070;1785;3215
40;1200;60;165;215;325;490;815;1355;2445
40;1250;50;125;165;250;375;620;1035;1865
40;1300;40;100;130;200;295;495;820;1480
40;1350;30;75;100;145;220;365;610;1095
40;1400;20;55;75;110;170;280;465;835
40;1450;15;40;50;75;115;195;320;580
40;1500;10;30;40;60;90;150;250;450
41;100;260;670;895;1345;2015;3360;5600;10080
41;200;235;605;810;1215;1820;3035;5060;9110
41;300;220;570;760;1140;1705;2845;4740;8530
41;400;200;535;715;1070;1605;2675;4460;8030
41;500;170;505;675;1015;1520;2530;4220;7595
41;600;140;480;640;960;1440;2400;4000;7200
41;650;125;470;625;935;1405;2340;3900;7020
41;700;110;455;610;910;1370;2280;3800;6840
41;750;95;450;600;900;1345;2245;3740;6730
41;800;80;435;580;875;1310;2185;3640;6550
41;850;65;425;570;855;1280;2135;3560;6410
41;900;50;420;555;835;1255;2090;3480;6265
41;950;35;385;515;775;1160;1930;3220;5795
41;1000;20;345;460;685;1030;1720;2865;5155
41;1050;0;335;450;670;1010;1680;2800;5040
41;1100;0;260;345;520;780;1305;2170;3910
41;1150;0;190;250;375;565;945;1570;2830
41;1200;0;135;185;275;410;685;1145;2055
41;1250;0;105;135;205;310;515;855;1545
41;1300;0;75;100;150;225;375;630;1130
41;1350;0;60;80;115;175;290;485;875
41;1400;0;45;60;90;135;225;370;670
41;1450;0;35;45;65;100;165;275;500
41;1500;0;25;35;50;75;130;215;385
42;100;270;700;930;1395;2095;3495;5820;10480
42;200;245;640;850;1275;1915;3195;5320;9580
42;300;235;610;810;1215;1825;3045;5070;9130
42;400;225;590;790;1185;1775;2955;4930;8870
42;500;215;565;755;1130;1695;2825;4710;8480
42;600;205;535;715;1070;1605;2680;4465;8035
42;650;200;520;695;1045;1565;2610;4355;7835
42;700;195;510;680;1020;1525;2545;4240;7635
42;750;190;500;670;1000;1505;2505;4175;7515
42;800;185;490;650;975;1465;2440;4065;7315
42;850;180;475;635;950;1425;2380;3965;7135
42;900;180;465;620;930;1400;2330;3885;6990
42;950;175;455;605;910;1365;2270;3785;6815
42;1000;160;420;560;840;1260;2105;3505;6310
42;1050;160;420;560;840;1260;2100;3500;6300
42;1100;125;325;435;650;975;1630;2715;4885
42;1150;90;235;315;470;705;1180;1965;3535
42;1200;65;170;230;345;515;855;1430;2570
42;1250;50;130;170;255;385;645;1070;1930
42;1300;35;95;125;190;285;470;785;1415
42;1350;30;75;95;145;220;365;605;1095
42;1400;20;55;75;110;165;280;465;835
42;1450;15;40;55;85;125;210;345;625
42;1500;10;30;45;65;95;160;270;480
43;100;290;750;1000;1500;2250;3750;6250;11250
43;200;260;720;960;1440;2160;3600;6000;10800
43;300;230;715;950;1425;2140;3565;5940;10690
43;400;200;675;900;1345;2020;3365;5610;10100
43;500;170;655;875;1310;1965;3275;5460;9830
43;600;140;605;805;1210;1815;3025;5040;9070
43;650;125;590;785;1175;1765;2940;4905;8825
43;700;110;570;755;1135;1705;2840;4730;8515
43;750;95;530;710;1065;1595;2660;4430;7970
43;800;80;510;675;1015;1525;2540;4230;7610
44;100;290;750;1000;1500;2250;3750;6250;11250
44;200;290;750;1000;1500;2250;3750;6250;11250
44;300;290;750;1000;1500;2250;3750;6250;11250
44;400;290;750;1000;1500;2250;3750;6250;11250
44;500;280;730;975;1465;2195;3655;6095;10970
44;600;270;705;940;1405;2110;3515;5860;10545
44;650;270;700;930;1400;2095;3495;5825;10485
44;700;265;695;925;1390;2085;3475;5790;10425
44;750;260;685;910;1365;2050;3415;5690;10245
44;800;260;675;900;1350;2025;3375;5625;10125
45;100;140;360;480;720;1080;1800;3000;5400
45;200;140;360;480;720;1080;1800;3000;5400
45;300;140;360;480;720;1080;1800;3000;5400
45;400;140;360;480;720;1080;1800;3000;5400
45;500;140;360;480;720;1080;1800;3000;5400
45;600;140;360;480;720;1080;1800;3000;5400
46;100;155;400;535;805;1205;2010;3350;6025
46;200;155;400;535;805;1205;2010;3350;6025
46;300;155;400;535;805;1205;2010;3350;6025
46;400;155;400;535;805;1205;2010;3350;6025
46;500;155;400;535;805;1205;2010;3350;6025
46;600;155;400;535;805;1205;2010;3350;6025
47;100;230;600;800;1200;1800;3000;5000;9000
47;200;200;530;705;1055;1585;2640;4400;7920
47;300;190;495;660;990;1485;2470;4120;7415
47;400;185;480;635;955;1435;2390;3980;7165
47;500;170;475;635;950;1435;2375;3960;7130
47;600;140;475;635;950;1435;2375;3960;7130
47;650;125;475;635;950;1435;2375;3960;7130
47;700;110;475;635;950;1435;2375;3960;7130
47;750;95;470;625;935;1405;2340;3900;7020
47;800;80;460;610;915;1375;2290;3820;6875
47;850;65;340;455;680;1020;1695;2830;5090
47;900;50;245;330;495;740;1235;2055;3705
48;100;255;670;895;1340;2010;3350;5580;10045
48;200;225;590;785;1180;1770;2945;4910;8840
48;300;210;550;735;1100;1650;2755;4590;8260
48;400;205;535;710;1065;1600;2665;4440;7995
48;500;205;530;710;1060;1590;2650;4420;7955
48;600;205;530;710;1060;1590;2650;4420;7955
48;650;205;530;710;1060;1590;2650;4420;7955
48;700;205;530;710;1060;1590;2650;4420;7955
48;750;200;520;695;1045;1565;2610;4355;7835
48;800;195;510;680;1025;1535;2560;4265;7675
48;850;170;440;590;885;1325;2210;3685;6630
48;900;125;320;430;645;965;1605;2680;4820
49;100;290;750;1000;1500;2250;3750;6250;11250
49;200;260;750;1000;1500;2250;3750;6250;11250
49;300;230;730;970;1455;2185;3640;6070;10925
49;400;200;705;940;1410;2115;3530;5880;10585
49;500;170;665;885;1330;1995;3325;5540;9965
49;600;140;605;805;1210;1815;3025;5040;9070
49;650;125;590;785;1175;1765;2940;4905;8825
49;700;110;570;755;1135;1705;2840;4730;8515
49;750;95;530;710;1065;1595;2660;4430;7970
49;800;80;510;675;1015;1520;2540;4230;7610
49;850;65;485;650;975;1460;2435;4060;7305
49;900;50;450;600;900;1350;2245;3745;6740
49;950;35;325;435;655;980;1635;2725;4905
49;1000;20;215;290;430;650;1080;1800;3240
49;1050;0;140;185;280;415;695;1155;2085
49;1100;0;95;125;185;280;465;770;1390
49;1150;0;70;90;135;205;340;565;1020
49;1200;0;60;80;125;185;310;515;925
50;100;290;750;1000;1500;2250;3750;6250;11250
50;200;290;750;1000;1500;2250;3750;6250;11250
50;300;290;750;1000;1500;2250;3750;6250;11250
50;400;290;750;1000;1500;2250;3750;6250;11250
50;500;290;750;1000;1500;2250;3750;6250;11250
50;600;285;745;995;1495;2240;3735;6230;11200
50;650;280;735;980;1470;2200;3670;6115;11010
50;700;275;725;965;1445;2170;3615;6025;10850
50;750;270;710;945;1420;2130;3550;5915;10645
50;800;270;700;930;1400;2095;3495;5825;10485
50;850;260;680;905;1355;2030;3385;5645;10160
50;900;230;600;800;1200;1800;3000;5000;9000
50;950;165;425;570;850;1280;2130;3550;6390
50;1000;110;280;375;565;845;1405;2345;4220
50;1050;70;180;240;360;540;905;1505;2710
50;1100;45;120;160;240;360;605;1005;1810
50;1150;35;90;120;175;265;440;735;1325
50;1200;30;80;105;160;240;400;670;1205
51;100;275;720;960;1440;2160;3600;6000;10800
51;200;255;660;885;1325;1990;3310;5520;9935
51;300;230;625;830;1250;1870;3120;5200;9360
51;400;200;600;800;1200;1800;3000;5000;9000
51;500;170;580;770;1155;1735;2890;4820;8875
51;600;140;575;765;1145;1720;2870;4780;8605
51;650;125;570;760;1140;1705;2845;4740;8530
51;700;110;565;750;1130;1690;2820;4700;8460
51;750;95;530;710;1065;1595;2650;4430;7970
51;800;80;505;675;1015;1520;2535;4230;7610
51;850;65;485;650;975;1460;2435;4060;7305
51;900;50;450;600;900;1350;2245;3745;6740
51;950;35;385;515;775;1160;1930;3220;5795
51;1000;20;365;485;725;1090;1820;3030;5450
51;1050;0;360;480;720;1080;1800;3000;5400
51;1100;0;325;430;645;965;1610;2685;4835
51;1150;0;275;365;550;825;1370;2285;4115
51;1200;0;205;270;405;610;1020;1695;3055
51;1250;0;130;175;260;390;650;1080;1945
51;1300;0;60;80;125;185;310;515;925
51;1350;0;50;65;100;150;245;410;740
51;1400;0;35;45;70;100;170;285;510
51;1450;0;30;40;60;95;155;255;465
51;1500;0;25;35;50;75;125;205;370
52;100;290;750;1000;1500;2250;3750;6250;11250
52;200;285;740;985;1480;2220;3695;6160;11090
52;300;265;695;930;1395;2090;3480;5805;10445
52;400;255;670;895;1340;2010;3350;5580;10045
52;500;245;645;860;1290;1935;3230;5380;9685
52;600;245;640;855;1280;1920;3200;5335;9605
52;650;245;635;845;1270;1905;3175;5290;9523
52;700;240;630;840;1260;1890;3145;5245;9440
52;750;240;625;830;1250;1870;3120;5200;9360
52;800;235;615;820;1230;1850;3080;5135;9240
52;850;235;615;820;1230;1845;3075;5125;9220
52;900;230;600;800;1200;1800;3000;5000;9000
52;950;180;470;630;945;1415;2360;3930;7070
52;1000;160;420;560;840;1260;2105;3505;6310
52;1050;160;420;560;840;1260;2105;3505;6310
52;1100;155;405;540;805;1210;2015;3360;6045
52;1150;130;345;460;685;1030;1715;2860;5145
52;1200;100;260;345;515;770;1285;2145;3860
52;1250;65;170;225;335;505;845;1405;2530
52;1300;30;80;105;160;240;400;670;1205
52;1350;25;65;85;130;195;320;535;965
52;1400;15;45;60;90;135;220;370;665
52;1450;15;40;55;80;120;200;335;605
52;1500;10;30;45;65;95;160;270;480
53;100;290;750;1000;1500;2250;3750;6250;11250
53;200;260;750;1000;1500;2250;3750;6250;11250
53;300;230;730;970;1455;2185;3640;6070;10925
53;400;200;705;940;1410;2115;3530;5880;10585
53;500;170;665;885;1330;1995;3325;5540;9965
53;600;140;605;805;1210;1815;3025;5040;9070
53;650;125;590;785;1175;1765;2940;4905;8825
53;700;110;570;755;1135;1705;2840;4730;8515
53;750;95;530;710;1065;1595;2660;4430;7970
53;800;80;510;675;1015;1520;2540;4230;7610
54;100;290;750;1000;1500;2250;3750;6250;11250
54;200;290;750;1000;1500;2250;3750;6250;11250
54;300;290;750;1000;1500;2250;3750;6250;11250
54;400;290;750;1000;1500;2250;3750;6250;11250
54;500;290;750;1000;1500;2250;3750;6250;11250
54;600;290;750;1000;1500;2250;3750;6250;11250
54;650;290;750;1000;1500;2250;3750;6250;11250
54;700;280;735;980;1465;2200;3665;6110;10995
54;750;280;730;970;1460;2185;3645;6070;10930
54;800;275;720;960;1440;2160;3600;6000;10800
55;100;290;750;1000;1500;2250;3750;6250;11250
55;200;260;750;1000;1500;2250;3750;6250;11250
55;300;230;730;970;1455;2185;3640;6070;10925
55;400;200;705;940;1410;2115;3530;5880;10585
55;500;170;665;885;1330;1995;3325;5540;9965
55;600;140;605;805;1210;1815;3025;5040;9070
55;650;125;590;785;1175;1765;2940;4905;8825
55;700;110;570;755;1135;1705;2840;4730;8515
55;750;95;530;710;1065;1595;2660;4430;7970
55;800;80;510;675;1015;1520;2540;4230;7610
55;850;65;485;650;975;1460;2435;4060;7305
55;900;50;450;600;900;1520;2245;3745;6740
55;950;35;385;515;775;1160;1930;3220;5795
55;1000;20;365;485;725;1090;1820;3030;5450
55;1050;0;360;480;720;1080;1800;3000;5400
55;1100;0;325;430;645;965;1610;2685;4835
55;1150;0;275;365;550;825;1370;2285;4115
55;1200;0;185;245;370;555;925;1545;2775
55;1250;0;145;195;295;440;735;1220;2200
55;1300;0;110;145;215;325;540;900;1620
56;100;290;750;1000;1500;2250;3750;6250;11250
56;200;290;750;1000;1500;2250;3750;6250;11250
56;300;290;750;1000;1500;2250;3750;6250;11250
56;400;290;750;1000;1500;2250;3750;6250;11250
56;500;285;740;990;1485;2225;3710;6185;11130
56;600;275;725;965;1445;2170;3615;6025;10850
56;650;270;710;945;1420;2130;3550;5915;10645
56;700;265;695;930;1395;2090;3480;5805;10445
56;750;265;690;920;1380;2075;3455;5760;10365
56;800;265;685;915;1370;2055;3430;5715;10285
56;850;260;675;900;1350;2025;3375;5625;10125
56;900;230;600;800;1200;1800;3000;5000;9000
56;950;180;470;630;945;1415;2360;3930;7070
56;1000;160;420;560;840;1260;2105;3505;6310
56;1050;160;420;560;840;1260;2105;3505;6310
56;1100;155;405;540;805;1210;2015;3360;6045
56;1150;130;345;460;685;1030;1715;2860;5145
56;1200;90;240;320;480;725;1205;2010;3615
56;1250;75;190;255;380;575;955;1590;2865
56;1300;55;140;190;280;420;705;1170;2110
57;100;0;0;0;1975;0;0;0;0
57;200;0;0;0;1800;0;0;0;0
57;300;0;0;0;1750;0;0;0;0
57;400;0;0;0;1690;0;0;0;0
57;500;0;0;0;1595;0;0;0;0
57;600;0;0;0;1460;0;0;0;0
57;650;0;0;0;1430;0;0;0;0
57;700;0;0;0;1420;0;0;0;0
57;750;0;0;0;1345;0;0;0;0
57;800;0;0;0;1100;0;0;0;0
57;850;0;0;0;715;0;0;0;0
57;900;0;0;0;460;0;0;0;0
57;950;0;0;0;275;0;0;0;0
57;1000;0;0;0;140;0;0;0;0
58;100;0;0;0;2000;0;0;0;0
58;200;0;0;0;2000;0;0;0;0
58;300;0;0;0;1925;0;0;0;0
58;400;0;0;0;1850;0;0;0;0
58;500;0;0;0;1775;0;0;0;0
58;600;0;0;0;1615;0;0;0;0
58;650;0;0;0;1570;0;0;0;0
58;700;0;0;0;1515;0;0;0;0
58;750;0;0;0;1420;0;0;0;0
58;800;0;0;0;1355;0;0;0;0
58;850;0;0;0;1300;0;0;0;0
58;900;0;0;0;1200;0;0;0;0
58;950;0;0;0;850;0;0;0;0
58;1000;0;0;0;575;0;0;0;0
58;1050;0;0;0;385;0;0;0;0
58;1100;0;0;0;255;0;0;0;0
58;1150;0;0;0;165;0;0;0;0
58;1200;0;0;0;100;0;0;0;0
59;100;0;0;0;2000;0;0;0;0
59;200;0;0;0;1985;0;0;0;0
59;300;0;0;0;1910;0;0;0;0
59;400;0;0;0;1880;0;0;0;0
59;500;0;0;0;1775;0;0;0;0
59;600;0;0;0;1615;0;0;0;0
59;650;0;0;0;1570;0;0;0;0
59;700;0;0;0;1515;0;0;0;0
59;750;0;0;0;1410;0;0;0;0
59;800;0;0;0;1355;0;0;0;0
59;850;0;0;0;1290;0;0;0;0
59;900;0;0;0;985;0;0;0;0
59;950;0;0;0;735;0;0;0;0
59;1000;0;0;0;530;0;0;0;0
59;1050;0;0;0;385;0;0;0;0
59;1100;0;0;0;265;0;0;0;0
59;1150;0;0;0;165;0;0;0;0
59;1200;0;0;0;95;0;0;0;0
60;100;0;0;0;1920;0;0;0;0
60;200;0;0;0;1600;0;0;0;0
60;300;0;0;0;1440;0;0;0;0
60;400;0;0;0;1325;0;0;0;0
60;500;0;0;0;1240;0;0;0;0
60;600;0;0;0;1165;0;0;0;0
60;650;0;0;0;1145;0;0;0;0
60;700;0;0;0;1135;0;0;0;0
60;750;0;0;0;1105;0;0;0;0
60;800;0;0;0;1075;0;0;0;0
60;850;0;0;0;1055;0;0;0;0
60;900;0;0;0;1035;0;0;0;0
60;950;0;0;0;1020;0;0;0;0
60;1000;0;0;0;855;0;0;0;0
60;1050;0;0;0;820;0;0;0;0
60;1100;0;0;0;685;0;0;0;0
60;1150;0;0;0;530;0;0;0;0
60;1200;0;0;0;415;0;0;0;0
60;1250;0;0;0;300;0;0;0;0
60;1300;0;0;0;225;0;0;0;0
60;1350;0;0;0;165;0;0;0;0
60;1400;0;0;0;130;0;0;0;0
60;1450;0;0;0;95;0;0;0;0
60;1500;0;0;0;70;0;0;0;0
61;100;90;240;320;480;720;1200;2000;3600
61;200;85;230;305;455;685;1140;1900;3420
61;300;85;225;300;445;670;1115;1860;3350
61;400;85;215;290;430;650;1080;1800;3240
61;500;85;215;290;430;650;1080;1800;3240
61;600;85;215;290;430;650;1080;1800;3240
61;650;85;215;290;430;650;1080;1800;3240
61;700;85;215;290;430;650;1080;1800;3240
61;750;80;210;280;420;635;1055;1760;3170
61;800;80;205;270;410;610;1020;1700;3060
61;850;65;205;270;410;610;1020;1700;3060
61;900;50;140;185;280;415;695;1155;2085
61;950;35;115;150;230;345;570;950;1715
61;1000;20;95;125;185;280;465;770;1390
61;1050;0;75;100;150;220;370;615;1100
61;1100;0;60;80;125;185;310;515;925
61;1150;0;45;60;95;140;230;385;695
61;1200;0;35;50;75;110;185;310;555
62;100;105;270;355;535;805;1340;2230;4020
62;200;100;255;340;510;765;1270;2120;3815
62;300;95;250;330;500;745;1245;2075;3735
62;400;90;240;320;480;725;1205;2010;3615
62;500;90;240;320;480;725;1205;2010;3615
62;600;90;240;320;480;725;1205;2010;3615
62;650;90;240;320;480;725;1205;2010;3615
62;700;90;240;320;480;725;1205;2010;3615
62;750;90;235;315;470;705;1180;1965;3535
62;800;85;230;305;455;685;1140;1895;3415
62;850;85;230;305;455;685;1140;1895;3415
62;900;70;180;240;360;540;905;1505;2710
62;950;55;150;200;295;445;745;1240;2230
62;1000;45;120;160;240;360;605;1005;1810
62;1050;35;95;130;195;290;480;805;1445
62;1100;30;80;105;160;240;400;670;1205
62;1150;25;60;80;120;180;300;500;905
62;1200;20;50;65;95;145;240;400;725
63;100;290;750;1000;1500;2250;3750;6250;11250
63;200;260;750;1000;1500;2250;3750;6250;11250
63;300;230;680;905;1360;2040;3395;5660;10190
63;400;200;600;795;1195;1795;2990;4980;8965
63;500;170;575;770;1150;1730;2880;4800;8640
63;600;140;560;745;1120;1680;2795;4660;8390
63;650;125;560;745;1120;1680;2795;4660;8390
63;700;110;560;745;1120;1680;2795;4660;8390
63;750;95;530;710;1065;1595;2660;4430;7970
63;800;80;510;675;1015;1525;2540;4230;7610
63;850;65;485;650;975;1460;2435;4060;7305
63;900;50;450;600;900;1350;2245;3745;6740
63;950;35;385;515;775;1160;1930;3220;5795
63;1000;20;365;485;725;1090;1820;3030;5450
63;1050;0;360;480;720;1080;1800;3000;5400
63;1100;0;325;430;645;965;1610;2685;4835
63;1150;0;275;365;550;825;1370;2285;4115
63;1200;0;205;275;410;620;1030;1715;3085
63;1250;0;180;245;365;545;910;1515;2725
63;1300;0;140;185;275;410;685;1145;2060
63;1350;0;105;140;205;310;515;860;1545
63;1400;0;75;100;150;225;380;630;1130
63;1450;0;60;80;115;175;290;485;875
63;1500;0;40;55;85;125;205;345;620
64;100;290;750;1000;1500;2250;3750;6250;11250
64;200;290;750;1000;1500;2250;3750;6250;11250
64;300;290;750;1000;1500;2250;3750;6250;11250
64;400;255;665;890;1335;2000;3335;5560;10005
64;500;245;645;855;1285;1930;3215;5355;9645
64;600;240;625;830;1250;1870;3120;5200;9360
64;650;240;625;830;1250;1870;3120;5200;9360
64;700;240;625;830;1250;1870;3120;5200;9360
64;750;240;625;830;1250;1870;3120;5200;9360
64;800;240;625;830;1250;1870;3120;5200;9360
64;850;225;585;780;1175;1760;2935;4890;8800
64;900;225;585;775;1165;1750;2915;4855;8740
64;950;180;470;630;945;1415;2360;3930;7070
64;1000;160;420;560;840;1260;2105;3505;6310
64;1050;160;420;560;840;1260;2105;3505;6310
64;1100;155;405;540;805;1210;2015;3360;6045
64;1150;130;345;460;685;1030;1715;2860;5145
64;1200;100;260;345;515;770;1285;2145;3860
64;1250;90;230;305;455;680;1135;1895;3410
64;1300;65;170;230;345;515;860;1430;2570
64;1350;50;130;170;260;385;645;1070;1930
64;1400;35;95;125;190;285;470;785;1415
64;1450;30;75;100;145;220;365;610;1095
64;1500;20;50;70;105;155;260;430;770
65;100;275;720;960;1440;2160;3600;6000;10800
65;200;260;720;960;1440;2160;3600;6000;10800
65;300;230;680;905;1360;2040;3400;5670;10205
65;400;200;640;855;1280;1920;3205;5340;9610
65;500;170;610;815;1225;1835;3060;5100;9180
65;600;140;595;790;1190;1780;2970;4950;8910
65;650;125;570;760;1140;1705;2845;4740;8530
66;100;290;750;1000;1500;2250;3750;6250;11250
66;200;290;750;1000;1500;2250;3750;6250;11250
66;300;290;750;1000;1500;2250;3750;6250;11250
66;400;275;715;955;1430;2145;3575;5960;10730
66;500;260;685;910;1365;2050;3415;5690;10245
66;600;255;665;885;1325;1990;3315;5525;9945
66;650;245;635;845;1270;1905;3175;5290;9520
67;100;245;640;855;1280;1920;3205;5340;9610
67;200;230;600;800;1200;1805;3005;5010;9020
67;300;210;545;725;1085;1630;2720;4530;8155
67;400;190;495;660;995;1490;2485;4140;7450
67;500;170;455;610;915;1370;2285;3810;6860
67;600;140;430;575;865;1295;2160;3600;6480
67;650;125;420;560;840;1265;2105;3510;6320
67;700;110;410;545;820;1230;2050;3420;6155
68;100;275;715;955;1430;2145;3575;5960;10730
68;200;255;670;895;1340;2015;3355;5590;10065
68;300;235;605;810;1215;1820;3035;5055;9100
68;400;215;555;740;1110;1665;2770;4620;8315
68;500;195;510;680;1020;1530;2550;4250;7655
68;600;185;480;645;965;1445;2410;4020;7230
68;650;180;470;625;940;1410;2350;3915;7050
68;700;175;460;610;915;1375;2290;3815;6870
69;100;260;670;895;1345;2015;3360;5600;10080
69;200;240;625;830;1245;1870;3115;5190;9340
69;300;225;585;780;1175;1760;2935;4890;8800
69;400;200;535;715;1075;1610;2680;4470;8045
69;500;170;500;665;1000;1500;2500;4170;7505
69;600;140;475;635;950;1425;2375;3960;7130
69;650;125;465;620;930;1395;2320;3870;6965
69;700;110;450;600;900;1350;2250;3750;6750
69;750;95;445;590;885;1330;2215;3690;6640
69;800;80;430;575;865;1295;2160;3600;6480
70;100;290;750;1000;1500;2250;3750;6250;11250
70;200;265;695;925;1390;2085;3475;5790;10425
70;300;250;655;875;1310;1965;3275;5460;9825
70;400;230;600;800;1195;1795;2995;4990;8980
70;500;215;560;745;1115;1675;2790;4655;8375
70;600;205;530;705;1060;1590;2650;4420;7955
70;650;200;520;690;1035;1555;2590;4320;7775
70;700;195;500;670;1005;1505;2510;4185;7535
70;750;190;495;660;990;1485;2470;4120;7415
70;800;185;480;645;965;1445;2410;4020;7230
71;100;290;750;1000;1500;2250;3750;6250;11250
71;200;260;705;940;1410;2115;3530;5880;10585
71;300;230;660;885;1325;1985;3310;5520;9935
71;400;200;635;845;1265;1900;3170;5280;9505
71;500;170;595;790;1190;1780;2970;4950;8910
71;600;140;560;750;1125;1685;2810;4680;8425
71;650;125;555;735;1105;1660;2765;4605;8290
71;700;110;545;725;1085;1630;2720;4530;8155
71;750;95;530;710;1065;1595;2660;4430;7970
71;800;80;510;675;1015;1525;2540;4230;7610
72;100;290;750;1000;1500;2250;3750;6250;11250
72;200;290;750;1000;1500;2250;3750;6250;11250
72;300;285;740;985;1480;2220;3695;6160;11090
72;400;270;705;945;1415;2120;3535;5895;10605
72;500;255;665;885;1325;1990;3315;5525;9945
72;600;240;625;835;1255;1880;3135;5225;9400
72;650;235;615;820;1235;1850;3085;5140;9250
72;700;235;605;810;1215;1820;3035;5055;9100
72;750;230;600;800;1195;1795;2995;4990;8980
72;800;225;590;790;1180;1770;2955;4920;8860
73;100;275;720;960;1440;2160;3600;6000;10800
73;200;245;645;860;1290;1935;3230;5380;9685
73;300;230;600;795;1195;1795;2990;4980;8965
73;400;200;560;750;1125;1685;2810;4680;8425
73;500;170;535;715;1070;1605;2675;4460;8030
73;600;140;520;690;1035;1555;2590;4320;7775
73;650;125;510;680;1020;1535;2555;4260;7670
73;700;110;505;675;1015;1520;2530;4220;7595
73;750;95;500;670;1005;1505;2510;4180;7525
73;800;80;495;660;995;1490;2485;4140;7450
73;850;65;485;650;975;1460;2435;4060;7305
73;900;50;450;600;900;1350;2245;3745;6740
73;950;35;385;515;775;1160;1930;3220;5795
73;1000;20;365;485;725;1090;1820;3030;5450
74;100;290;750;1000;1500;2250;3750;6250;11250
74;200;275;720;960;1440;2160;3605;6005;10810
74;300;255;665;890;1335;2000;3335;5560;10005
74;400;240;625;835;1255;1880;3135;5225;9400
74;500;230;595;795;1195;1790;2985;4980;8960
74;600;220;580;770;1155;1735;2895;4820;8680
74;650;220;570;760;1140;1710;2855;4755;8560
74;700;215;565;755;1130;1695;2825;4710;8480
74;750;215;560;745;1120;1680;2800;4665;8395
74;800;215;555;740;1110;1665;2770;4620;8315
74;850;210;550;735;1100;1650;2750;4585;8255
74;900;210;545;730;1095;1640;2730;4555;8195
74;950;180;470;630;945;1415;2360;3930;7070
74;1000;160;420;560;840;1260;2105;3505;6310
75;100;230;600;800;1200;1800;3000;5000;9000
75;200;205;540;720;1080;1620;2700;4500;8100
75;300;195;505;675;1015;1520;2530;4220;7595
75;400;185;480;640;960;1440;2400;4000;7200
75;500;170;455;610;910;1370;2280;3800;6840
75;600;140;440;585;880;1320;2195;3660;6590
75;650;125;425;565;850;1275;2125;3540;6370
75;700;110;420;560;840;1260;2100;3500;6300
75;750;95;415;550;825;1240;2065;3440;6190
75;800;80;410;545;815;1225;2040;3400;6120
75;850;65;400;530;795;1195;1990;3320;5975
75;900;50;395;530;790;1190;1980;3300;5940
75;950;35;385;515;775;1160;1930;3220;5795
75;1000;20;365;485;725;1090;1820;3030;5450
75;1050;0;325;435;650;975;1625;2710;4875
75;1100;0;320;430;640;965;1605;2675;4815
75;1150;0;275;365;550;825;1370;2285;4115
75;1200;0;205;275;410;620;1030;1715;3085
75;1250;0;180;245;365;545;910;1515;2725
75;1300;0;140;185;275;410;685;1145;2060
75;1350;0;105;140;205;310;515;860;1545
75;1400;0;75;100;150;225;380;630;1130
75;1450;0;60;80;115;175;290;485;875
75;1500;0;40;55;85;125;205;345;620
76;100;255;670;895;1340;2010;3350;5580;10045
76;200;230;605;805;1205;1810;3015;5020;9040
76;300;215;565;755;1130;1695;2825;4710;8480
76;400;205;535;715;1070;1605;2680;4465;8035
76;500;195;510;680;1020;1525;2545;4240;7635
76;600;190;490;655;980;1470;2450;4085;7355
76;650;180;475;630;950;1420;2370;3950;7110
76;700;180;470;625;940;1405;2345;3905;7030
76;750;175;460;615;920;1380;2305;3840;6910
76;800;175;455;605;910;1365;2275;3795;6830
76;850;170;445;595;890;1335;2225;3705;6670
76;900;170;440;590;885;1325;2210;3685;6630
76;950;165;435;580;870;1300;2170;3615;6510
76;1000;160;420;560;840;1260;2105;3505;6310
76;1050;160;420;560;840;1260;2105;3505;6310
76;1100;155;405;540;805;1210;2015;3360;6045
76;1150;130;345;460;685;1030;1715;2860;5145
76;1200;100;260;345;515;770;1285;2145;3860
76;1250;90;230;305;455;680;1135;1895;3410
76;1300;65;170;230;345;515;860;1430;2570
76;1350;50;130;170;260;385;645;1070;1930
76;1400;35;95;125;190;285;470;785;1415
76;1450;30;75;100;145;220;365;610;1095
76;1500;20;50;70;105;155;260;430;770
77;100;275;720;960;1440;2160;3600;6000;10800
77;200;245;635;850;1270;1910;3180;5300;9540
77;300;225;590;785;1175;1765;2940;4900;8820
77;400;200;550;735;1105;1655;2760;4600;8280
77;500;170;525;700;1050;1575;2630;4380;7885
77;600;140;500;670;1005;1505;2510;4180;7525
77;650;125;490;655;980;1470;2450;4080;7345
77;700;110;480;645;965;1445;2410;4020;7235
77;750;95;470;625;940;1410;2350;3920;7055
77;800;80;465;620;925;1390;2315;3860;6950
77;850;65;455;605;905;1360;2270;3780;6805
77;900;50;445;590;885;1330;2215;3690;6640
77;950;35;385;515;775;1160;1930;3220;5795
77;1000;20;365;485;725;1090;1820;3030;5450
77;1050;0;310;410;615;925;1545;2570;4630
77;1100;0;240;320;480;720;1205;2005;3610
77;1150;0;185;245;370;555;925;1545;2775
77;1200;0;145;195;290;435;725;1210;2175
77;1250;0;115;155;235;350;585;975;1760
77;1300;0;95;130;190;285;480;795;1435
77;1350;0;75;100;150;220;370;615;1110
77;1400;0;55;75;110;165;280;465;835
77;1450;0;45;60;95;140;230;385;695
77;1500;0;35;45;70;100;170;285;510
78;100;290;750;1000;1500;2250;3750;6250;11250
78;200;270;710;945;1420;2130;3550;5915;10645
78;300;250;655;875;1315;1970;3280;5470;9845
78;400;235;615;820;1230;1850;3080;5135;9240
78;500;225;585;780;1175;1760;2935;4890;8800
78;600;215;560;745;1120;1680;2800;4665;8395
78;650;210;545;730;1095;1640;2730;4555;8195
78;700;205;540;720;1075;1615;2690;4485;8075
78;750;200;525;700;1050;1575;2625;4375;7875
78;800;200;515;690;1035;1550;2585;4310;7755
78;850;195;505;675;1015;1520;2530;4220;7595
78;900;190;495;660;990;1485;2470;4120;7415
78;950;180;470;630;945;1415;2360;3930;7070
78;1000;160;420;560;840;1260;2105;3505;6310
78;1050;155;400;535;805;1205;2010;3350;6025
78;1100;120;315;420;625;940;1565;2610;4700
78;1150;90;240;320;480;725;1205;2010;3615
78;1200;70;190;250;380;565;945;1575;2835
78;1250;60;155;205;305;460;765;1270;2290
78;1300;50;125;165;250;375;625;1040;1870
78;1350;35;95;130;195;290;480;805;1445
78;1400;30;70;95;145;215;360;605;1085
78;1450;25;60;80;120;180;300;500;905
78;1500;15;45;60;90;135;220;370;665
79;100;290;750;1000;1500;2250;3750;6250;11250
79;200;260;720;960;1440;2160;3600;6000;10800
79;300;230;665;885;1330;1995;3325;5540;9970
79;400;200;615;820;1230;1845;3070;5120;9215
79;500;170;575;770;1150;1730;2880;4800;8640
79;600;140;555;740;1115;1670;2785;4640;8350
79;650;125;550;735;1100;1650;2750;4580;8245
79;700;110;540;725;1085;1625;2710;4520;8135
79;750;95;530;710;1065;1595;2660;4430;7970
80;100;290;750;1000;1500;2250;3750;6250;11250
80;200;290;750;1000;1500;2250;3750;6250;11250
80;300;285;740;990;1485;2225;3710;6185;11130
80;400;265;685;915;1370;2055;3430;5715;10285
80;500;245;645;855;1285;1930;3215;5355;9645
80;600;240;620;830;1245;1865;3105;5180;9320
80;650;235;615;820;1225;1840;3065;5110;9200
80;700;230;605;805;1210;1815;3025;5045;9080
80;750;230;595;795;1195;1790;2985;4980;8960
81;100;0;0;0;2000;0;0;0;0
81;200;0;0;0;2000;0;0;0;0
81;300;0;0;0;1940;0;0;0;0
81;400;0;0;0;1880;0;0;0;0
81;500;0;0;0;1775;0;0;0;0
81;600;0;0;0;1615;0;0;0;0
81;650;0;0;0;1570;0;0;0;0
81;700;0;0;0;1515;0;0;0;0
81;750;0;0;0;1420;0;0;0;0
81;800;0;0;0;1355;0;0;0;0
81;850;0;0;0;1300;0;0;0;0
81;900;0;0;0;1200;0;0;0;0
81;950;0;0;0;1005;0;0;0;0
81;1000;0;0;0;695;0;0;0;0
81;1050;0;0;0;465;0;0;0;0
81;1100;0;0;0;295;0;0;0;0
81;1150;0;0;0;180;0;0;0;0
81;1200;0;0;0;110;0;0;0;0
82;100;0;0;0;2000;0;0;0;0
82;200;0;0;0;2000;0;0;0;0
82;300;0;0;0;1940;0;0;0;0
82;400;0;0;0;1880;0;0;0;0
82;500;0;0;0;1775;0;0;0;0
82;600;0;0;0;1615;0;0;0;0
82;650;0;0;0;1570;0;0;0;0
82;700;0;0;0;1515;0;0;0;0
82;750;0;0;0;1420;0;0;0;0
82;800;0;0;0;1355;0;0;0;0
82;850;0;0;0;1300;0;0;0;0
82;900;0;0;0;1200;0;0;0;0
82;950;0;0;0;1005;0;0;0;0
82;1000;0;0;0;675;0;0;0;0
82;1050;0;0;0;460;0;0;0;0
82;1100;0;0;0;300;0;0;0;0
82;1150;0;0;0;200;0;0;0;0
82;1200;0;0;0;140;0;0;0;0
83;100;0;0;0;1920;0;0;0;0
83;200;0;0;0;1655;0;0;0;0
83;300;0;0;0;1495;0;0;0;0
83;400;0;0;0;1370;0;0;0;0
83;500;0;0;0;1275;0;0;0;0
83;600;0;0;0;1205;0;0;0;0
83;650;0;0;0;1185;0;0;0;0
83;700;0;0;0;1160;0;0;0;0
83;750;0;0;0;1140;0;0;0;0
83;800;0;0;0;1125;0;0;0;0
83;850;0;0;0;1115;0;0;0;0
83;900;0;0;0;1105;0;0;0;0
83;950;0;0;0;1030;0;0;0;0
83;1000;0;0;0;935;0;0;0;0
83;1050;0;0;0;915;0;0;0;0
83;1100;0;0;0;815;0;0;0;0
83;1150;0;0;0;630;0;0;0;0
83;1200;0;0;0;495;0;0;0;0
83;1250;0;0;0;390;0;0;0;0
83;1300;0;0;0;310;0;0;0;0
83;1350;0;0;0;255;0;0;0;0
83;1400;0;0;0;200;0;0;0;0
83;1450;0;0;0;155;0;0;0;0
83;1500;0;0;0;110;0;0;0;0
84;100;0;0;0;1600;0;0;0;0
84;200;0;0;0;1350;0;0;0;0
84;300;0;0;0;1210;0;0;0;0
84;400;0;0;0;1100;0;0;0;0
84;500;0;0;0;1020;0;0;0;0
84;600;0;0;0;960;0;0;0;0
84;650;0;0;0;935;0;0;0;0
84;700;0;0;0;915;0;0;0;0
84;750;0;0;0;895;0;0;0;0
84;800;0;0;0;875;0;0;0;0
84;850;0;0;0;860;0;0;0;0
85;100;0;0;0;1920;0;0;0;0
85;200;0;0;0;1760;0;0;0;0
85;300;0;0;0;1640;0;0;0;0
85;400;0;0;0;1530;0;0;0;0
85;500;0;0;0;1440;0;0;0;0
85;600;0;0;0;1370;0;0;0;0
85;650;0;0;0;1345;0;0;0;0
85;700;0;0;0;1320;0;0;0;0
85;750;0;0;0;1310;0;0;0;0
85;800;0;0;0;1300;0;0;0;0
85;850;0;0;0;1295;0;0;0;0
85;900;0;0;0;1200;0;0;0;0
85;950;0;0;0;1030;0;0;0;0
85;1000;0;0;0;970;0;0;0;0
85;1050;0;0;0;960;0;0;0;0
85;1100;0;0;0;860;0;0;0;0
85;1150;0;0;0;735;0;0;0;0
85;1200;0;0;0;460;0;0;0;0
85;1250;0;0;0;330;0;0;0;0
85;1300;0;0;0;250;0;0;0;0
85;1350;0;0;0;180;0;0;0;0
85;1400;0;0;0;145;0;0;0;0
85;1450;0;0;0;110;0;0;0;0
85;1500;0;0;0;95;0;0;0;0
86;100;230;600;800;1200;1800;3000;5000;9000
86;200;200;520;690;1035;1555;2590;4320;7775
86;300;180;465;620;930;1395;2330;3880;6985
86;400;160;420;565;845;1265;2110;3520;6335
86;500;150;390;520;780;1165;1945;3240;5830
86;600;140;360;480;720;1080;1800;3000;5400
87;100;255;665;885;1330;1995;3320;5535;9965
87;200;215;560;750;1125;1685;2805;4680;8420
87;300;195;510;680;1020;1530;2550;4250;7650
87;400;180;470;630;945;1415;2355;3930;7070
87;500;165;435;580;870;1300;2170;3615;6510
87;600;155;400;535;805;1205;2010;3350;6025
88;100;290;750;1000;1500;2250;3750;6250;11250
88;200;260;750;1000;1500;2250;3750;6250;11250
88;300;230;730;970;1455;2185;3640;6070;10925
88;400;200;705;940;1410;2115;3530;5880;10585
88;500;170;665;885;1330;1995;3325;5540;9965
88;600;140;605;805;1210;1815;3025;5040;9070
88;650;125;590;785;1175;1765;2940;4905;8825
88;700;110;570;755;1135;1705;2840;4730;8515
88;750;95;530;710;1065;1595;2660;4430;7970
88;800;80;510;675;1015;1525;2540;4230;7610
88;850;65;485;650;975;1460;2435;4060;7305
88;900;50;450;600;900;1350;2245;3745;6740
88;950;35;385;515;775;1160;1930;3220;5795
88;1000;20;365;485;725;1090;1820;3030;5450
88;1050;20;360;480;720;1080;1800;3000;5400
88;1100;20;300;400;605;905;1510;2515;4525
88;1150;20;225;295;445;670;1115;1855;3345
88;1200;20;145;190;290;430;720;1200;2160
89;100;290;750;1000;1500;2250;3750;6250;11250
89;200;290;750;1000;1500;2250;3750;6250;11250
89;300;290;750;1000;1500;2250;3750;6250;11250
89;400;290;750;1000;1500;2250;3750;6250;11250
89;500;290;750;1000;1500;2250;3750;6250;11250
89;600;290;750;1000;1500;2250;3750;6250;11250
89;650;290;750;1000;1500;2250;3750;6250;11250
89;700;280;735;980;1465;2200;3665;6110;10995
89;750;280;730;970;1460;2185;3645;6070;10930
89;800;275;720;960;1440;2160;3600;6000;10800
89;850;260;680;905;1355;2030;3385;5645;10160
89;900;230;600;800;1200;1800;3000;5000;9000
89;950;180;470;630;945;1415;2360;3930;7070
89;1000;160;420;560;840;1260;2105;3505;6310
89;1050;160;420;560;840;1260;2105;3505;6310
89;1100;145;375;505;755;1130;1885;3145;5655
89;1150;105;280;370;555;835;1395;2320;4180
89;1200;70;180;240;360;540;900;1500;2700
90;100;275;720;0;0;0;0;6000;0
90;200;235;610;0;0;0;0;5080;0
90;300;210;545;0;0;0;0;4540;0
90;400;190;495;0;0;0;0;4120;0
90;500;170;460;0;0;0;0;3820;0
90;600;140;435;0;0;0;0;3640;0
90;650;125;430;0;0;0;0;3560;0
90;700;110;420;0;0;0;0;3500;0
90;750;95;415;0;0;0;0;3460;0
90;800;80;415;0;0;0;0;3440;0
90;850;65;410;0;0;0;0;3400;0
90;900;50;405;0;0;0;0;3380;0
90;950;35;385;0;0;0;0;3220;0
90;1000;20;355;0;0;0;0;2970;0
90;1050;0;345;0;0;0;0;2885;0
90;1100;0;300;0;0;0;0;2515;0
90;1150;0;235;0;0;0;0;1970;0
90;1200;0;180;0;0;0;0;1515;0
90;1250;0;140;0;0;0;0;1170;0
90;1300;0;105;0;0;0;0;885;0
90;1350;0;80;0;0;0;0;685;0
90;1400;0;60;0;0;0;0;515;0
90;1450;0;50;0;0;0;0;400;0
90;1500;0;40;0;0;0;0;315;0
91;100;230;0;0;0;0;3000;5000;0
91;200;210;0;0;0;0;2760;4600;0
91;300;200;0;0;0;0;2605;4340;0
91;400;190;0;0;0;0;2450;4080;0
91;500;170;0;0;0;0;2315;3860;0
91;600;140;0;0;0;0;2195;3660;0
91;650;125;0;0;0;0;2150;3580;0
91;700;110;0;0;0;0;2090;3480;0
91;750;95;0;0;0;0;2050;3420;0
91;800;80;0;0;0;0;2005;3340;0
91;850;65;0;0;0;0;1970;3280;0
91;900;50;0;0;0;0;1930;3220;0
91;950;35;0;0;0;0;1895;3160;0
91;1000;20;0;0;0;0;1820;3030;0
91;1050;0;0;0;0;0;1750;2915;0
91;1100;0;0;0;0;0;1610;2685;0
91;1150;0;0;0;0;0;1370;2285;0
91;1200;0;0;0;0;0;1030;1715;0
91;1250;0;0;0;0;0;910;1515;0
91;1300;0;0;0;0;0;685;1145;0
91;1350;0;0;0;0;0;515;860;0
91;1400;0;0;0;0;0;380;630;0
91;1450;0;0;0;0;0;290;485;0
91;1500;0;0;0;0;0;205;345;0
